CAUTH24C,Digitalisation Quotient,Innovation Quotient
E61000001,1.47219223,1.350661206
E47000008,1.094880488,1.130019835
E47000013,0.879751973,0.770886959
E47000001,0.889488743,0.848047556
E47000004,0.846391823,0.719034165
E47000014,0.775520924,0.806009134
E47000002,0.930258565,0.779716955
E47000006,0.664352091,0.635939667
E47000007,0.769667371,0.805687065
E47000009,1.21906884,1.032543925
E47000003,0.891858914,0.774296276
E47000012,0.743918936,0.669505773