la,ssv_sum,new_technology_training_inc
E47000008,7075.28786205945,44.2754945922223
E47000013,5813.783393372,42.9690244562343
E47000014,7253.32070057181,43.7250119586629
E47000006,3201.01341433817,43.0499021641585
E47000002,9686.55881573558,41.4128681225477
E47000003,15451.5798690504,42.081616797136
E47000012,12851.5798690504,45.081616793248